{"packages/flutter_icons/fonts/AntDesign.ttf":["packages/flutter_icons/fonts/AntDesign.ttf"],"packages/cupertino_icons/assets/CupertinoIcons.ttf":["packages/cupertino_icons/assets/CupertinoIcons.ttf"],"packages/flutter_icons/fonts/Entypo.ttf":["packages/flutter_icons/fonts/Entypo.ttf"],"packages/flutter_icons/fonts/EvilIcons.ttf":["packages/flutter_icons/fonts/EvilIcons.ttf"],"packages/flutter_icons/fonts/Feather.ttf":["packages/flutter_icons/fonts/Feather.ttf"],"packages/flutter_icons/fonts/FontAwesome.ttf":["packages/flutter_icons/fonts/FontAwesome.ttf"],"packages/flutter_icons/fonts/FontAwesome5_Brands.ttf":["packages/flutter_icons/fonts/FontAwesome5_Brands.ttf"],"packages/flutter_icons/fonts/FontAwesome5_Regular.ttf":["packages/flutter_icons/fonts/FontAwesome5_Regular.ttf"],"packages/flutter_icons/fonts/FontAwesome5_Solid.ttf":["packages/flutter_icons/fonts/FontAwesome5_Solid.ttf"],"packages/flutter_icons/fonts/Foundation.ttf":["packages/flutter_icons/fonts/Foundation.ttf"],"packages/flutter_icons/fonts/Ionicons.ttf":["packages/flutter_icons/fonts/Ionicons.ttf"],"packages/flutter_icons/fonts/MaterialCommunityIcons.ttf":["packages/flutter_icons/fonts/MaterialCommunityIcons.ttf"],"packages/flutter_icons/fonts/MaterialIcons.ttf":["packages/flutter_icons/fonts/MaterialIcons.ttf"],"packages/flutter_icons/fonts/Octicons.ttf":["packages/flutter_icons/fonts/Octicons.ttf"],"assets/fonts/Product-Sans-Bold-Italic.ttf":["assets/fonts/Product-Sans-Bold-Italic.ttf"],"assets/fonts/Product-Sans-Bold.ttf":["assets/fonts/Product-Sans-Bold.ttf"],"assets/fonts/Product-Sans-Italic.ttf":["assets/fonts/Product-Sans-Italic.ttf"],"assets/fonts/Product-Sans-Regular.ttf":["assets/fonts/Product-Sans-Regular.ttf"],"packages/flutter_icons/fonts/SimpleLineIcons.ttf":["packages/flutter_icons/fonts/SimpleLineIcons.ttf"],"packages/flutter_icons/fonts/Zocial.ttf":["packages/flutter_icons/fonts/Zocial.ttf"],"packages/flutter_paystack/assets/images/american_express.png":["packages/flutter_paystack/assets/images/american_express.png"],"packages/flutter_credit_card/icons/amex.png":["packages/flutter_credit_card/icons/amex.png"],"assets/langs/ar-DZ.json":["assets/langs/ar-DZ.json"],"packages/easy_localization/i18n/ar-DZ.json":["packages/easy_localization/i18n/ar-DZ.json"],"packages/easy_localization/i18n/ar.json":["packages/easy_localization/i18n/ar.json"],"assets/images/baesline_access_time_black_24.png":["assets/images/baesline_access_time_black_24.png"],"assets/images/baseline_check_green_24.png":["assets/images/baseline_check_green_24.png"],"assets/images/baseline_empty_item_grey_24.png":["assets/images/baseline_empty_item_grey_24.png"],"assets/images/baseline_feature_circle_24.png":["assets/images/baseline_feature_circle_24.png"],"assets/images/baseline_graph_black_24.png":["assets/images/baseline_graph_black_24.png"],"assets/images/baseline_percent_tag_orange_24.png":["assets/images/baseline_percent_tag_orange_24.png"],"assets/images/baseline_price_down_black_24.png":["assets/images/baseline_price_down_black_24.png"],"assets/images/baseline_price_up_black_24.png":["assets/images/baseline_price_up_black_24.png"],"assets/langs/de-DE.json":["assets/langs/de-DE.json"],"assets/images/delivery_car_img.png":["assets/images/delivery_car_img.png"],"packages/flutter_paystack/assets/images/dinners_club.png":["packages/flutter_paystack/assets/images/dinners_club.png"],"assets/images/home_icon/discount_products.png":["assets/images/home_icon/discount_products.png"],"packages/flutter_credit_card/icons/discover.png":["packages/flutter_credit_card/icons/discover.png"],"packages/flutter_paystack/assets/images/discover.png":["packages/flutter_paystack/assets/images/discover.png"],"packages/flutter_paystack/assets/images/dob.png":["packages/flutter_paystack/assets/images/dob.png"],"packages/progress_dialog/assets/double_ring_loading_io.gif":["packages/progress_dialog/assets/double_ring_loading_io.gif"],"assets/images/home_icon/easy_payment.png":["assets/images/home_icon/easy_payment.png"],"assets/images/empty_basket.png":["assets/images/empty_basket.png"],"assets/images/empty_fav.png":["assets/images/empty_fav.png"],"packages/easy_localization/i18n/en-US.json":["packages/easy_localization/i18n/en-US.json"],"assets/langs/en-US.json":["assets/langs/en-US.json"],"packages/easy_localization/i18n/en.json":["packages/easy_localization/i18n/en.json"],"assets/langs/es-ES.json":["assets/langs/es-ES.json"],"assets/images/home_icon/featured_products.png":["assets/images/home_icon/featured_products.png"],"assets/langs/fr-FR.json":["assets/langs/fr-FR.json"],"assets/images/home_icon/free_download.png":["assets/images/home_icon/free_download.png"],"assets/images/fs_android_3x.png":["assets/images/fs_android_3x.png"],"packages/flutter_credit_card/font/halter.ttf":["packages/flutter_credit_card/font/halter.ttf"],"assets/langs/hi-IN.json":["assets/langs/hi-IN.json"],"assets/langs/id-ID.json":["assets/langs/id-ID.json"],"assets/langs/it-IT.json":["assets/langs/it-IT.json"],"assets/langs/ja-JP.json":["assets/langs/ja-JP.json"],"packages/flutter_paystack/assets/images/jcb.png":["packages/flutter_paystack/assets/images/jcb.png"],"assets/langs/ko-KR.json":["assets/langs/ko-KR.json"],"packages/flutter_widget_from_html/test/images/logo.png":["packages/flutter_widget_from_html/test/images/logo.png"],"packages/flutter_widget_from_html_core/test/images/logo.png":["packages/flutter_widget_from_html_core/test/images/logo.png"],"packages/flutter_widget_from_html/test/images/logo.svg":["packages/flutter_widget_from_html/test/images/logo.svg"],"packages/flutter_credit_card/icons/mastercard.png":["packages/flutter_credit_card/icons/mastercard.png"],"packages/flutter_paystack/assets/images/mastercard.png":["packages/flutter_paystack/assets/images/mastercard.png"],"assets/langs/ms-MY.json":["assets/langs/ms-MY.json"],"packages/open_iconic_flutter/assets/open-iconic.woff":["packages/open_iconic_flutter/assets/open-iconic.woff"],"packages/flutter_paystack/assets/images/otp.png":["packages/flutter_paystack/assets/images/otp.png"],"packages/flutter_paystack/assets/images/paystack.png":["packages/flutter_paystack/assets/images/paystack.png"],"packages/flutter_paystack/assets/images/paystack_icon.png":["packages/flutter_paystack/assets/images/paystack_icon.png"],"assets/images/placeholder_image.png":["assets/images/placeholder_image.png"],"assets/langs/pt-PT.json":["assets/langs/pt-PT.json"],"assets/langs/ru-RU.json":["assets/langs/ru-RU.json"],"packages/flutter_paystack/assets/images/successful.png":["packages/flutter_paystack/assets/images/successful.png"],"assets/langs/th-TH.json":["assets/langs/th-TH.json"],"assets/langs/tr-TR.json":["assets/langs/tr-TR.json"],"assets/images/transparent.png":["assets/images/transparent.png"],"assets/images/trending.png":["assets/images/trending.png"],"assets/langs/ur-EU.json":["assets/langs/ur-EU.json"],"assets/images/user_default_photo.png":["assets/images/user_default_photo.png"],"assets/images/verify_email_icon.jpg":["assets/images/verify_email_icon.jpg"],"packages/flutter_paystack/assets/images/verve.png":["packages/flutter_paystack/assets/images/verve.png"],"packages/flutter_paystack/assets/images/visa.png":["packages/flutter_paystack/assets/images/visa.png"],"packages/flutter_credit_card/icons/visa.png":["packages/flutter_credit_card/icons/visa.png"],"packages/flutter_icons/fonts/weathericons.ttf":["packages/flutter_icons/fonts/weathericons.ttf"],"assets/langs/zh-CN.json":["assets/langs/zh-CN.json"]}